{
  "weights": {
    "price_change": 12.028757701735026,
    "volatility": 64.57660094083482,
    "bias": 32.15357120538974
  },
  "featureMean": {
    "price_change": 0.00496067647914709,
    "volatility": 0.14459347900911632
  },
  "featureStd": {
    "price_change": 0.1279439004274578,
    "volatility": 0.09850753191182003
  },
  "timestamp": "2025-04-03T18:04:05.817Z"
}